afrr_cap_keur,afrr_energy_keur
77.1858528,3.0874341120000004
