afrr_cap_keur,afrr_energy_keur
94.77406400000001,3.7909625600000005
